<?xml version="1.0" encoding="UTF-8"?><?xml-stylesheet type='text/xsl' href='_UpgradeReport_Files/UpgradeReport.xslt'?><UpgradeLog>
<Properties><Property Name="Solution" Value="DrawBezierCurve">
</Property><Property Name="Solution File" Value="C:\Users\jrwang\Desktop\学生程序\DrawBezierCurve\DrawBezierCurve.sln">
</Property><Property Name="User Options File" Value="C:\Users\jrwang\Desktop\学生程序\DrawBezierCurve\DrawBezierCurve.suo">
</Property><Property Name="Date" Value="2016年5月17日">
</Property><Property Name="Time" Value="10:56">
</Property></Properties><Event ErrorLevel="0" Project="" Source="DrawBezierCurve.sln" Description="File successfully backed up as C:\Users\jrwang\Desktop\学生程序\DrawBezierCurve\DrawBezierCurve.sln.old">
</Event><Event ErrorLevel="0" Project="" Source="DrawBezierCurve.suo" Description="File successfully backed up as C:\Users\jrwang\Desktop\学生程序\DrawBezierCurve\DrawBezierCurve.suo.old">
</Event><Event ErrorLevel="0" Project="DrawBezierCurve" Source="DrawBezierCurve\DrawBezierCurve.vcproj" Description="Web deployment to the local IIS server is no longer supported. The Web Deployment build tool has been removed from your project settings.">
</Event><Event ErrorLevel="1" Project="DrawBezierCurve" Source="DrawBezierCurve\DrawBezierCurve.vcproj" Description="This application has been updated to include settings related to the User Account Control (UAC) feature of Windows Vista. By default, when run on Windows Vista with UAC enabled, this application is marked to run with the same privileges as the process that launched it. This marking also disables the application from running with virtualization. You can change UAC related settings from the Property Pages of the project.">
</Event><Event ErrorLevel="0" Project="DrawBezierCurve" Source="DrawBezierCurve\DrawBezierCurve.vcproj" Description="Project file successfully backed up as 'C:\Users\jrwang\Desktop\学生程序\DrawBezierCurve\DrawBezierCurve\DrawBezierCurve.vcproj.8.00.old'.">
</Event><Event ErrorLevel="0" Project="DrawBezierCurve" Source="DrawBezierCurve\DrawBezierCurve.vcproj" Description="Project upgraded successfully.">
</Event><Event ErrorLevel="3" Project="DrawBezierCurve" Source="DrawBezierCurve\DrawBezierCurve.vcproj" Description="Converted">
</Event><Event ErrorLevel="0" Project="" Source="DrawBezierCurve.sln" Description="Solution converted successfully">
</Event><Event ErrorLevel="3" Project="" Source="DrawBezierCurve.sln" Description="Converted">
</Event></UpgradeLog>